Workbook

Sheet الملخص
A1: DAM3-02-007 – مرفق ملاحظات التوريد على تحديث 06/10/2026
A2: المصدر: تحديث P6 بتاريخ 06/10/2026 مقارنةً بالبرنامج المعتمد BL01-REV00
A4: البند | B4: القيمة | C4: الشيت
A5: عدد حالات تعارض أول توريد مع التوريد والفحص | B5: =COUNTA('1 تعارض التوريد'!D5:D31) -> 27 | C5: 1 تعارض التوريد
A6: عدد المواد التي بها هذا التعارض | B6: 9 | C6: 1 تعارض التوريد
A7: عدد أعمال الموقع التي بدأت قبل التوريد | B7: =COUNTA('2 أعمال قبل التوريد'!C5:C32) -> 28 | C7: 2 أعمال قبل التوريد
A8: عدد أنشطة التوريد المتأخرة عن الـ Baseline | B8: =COUNTA('3 المواد المتأخرة في التوريد'!D5:D137) -> 133 | C8: 3 المواد المتأخرة في التوريد
A9: متوسط أيام تأخير التوريد | B9: =AVERAGE('3 المواد المتأخرة في التوريد'!L5:L137) -> 377.94737 | C9: 3 المواد المتأخرة في التوريد
A10: أقصى تأخير في التوريد (يوم) | B10: =MAX('3 المواد المتأخرة في التوريد'!L5:L137) -> 521 | C10: 3 المواد المتأخرة في التوريد

Sheet 1 تعارض التوريد
A1: الملاحظة 1: نشاط «التوريد والفحص» بدأ أو اكتمل بينما نشاط «أول توريد» للمادة نفسها لم يبدأ
A4: # | B4: الشبكة | C4: المادة (كما في الجدول) | D4: كود نشاط أول توريد | E4: اسم نشاط أول توريد (1ST Material Delivery) | F4: حالته | G4: كود نشاط التوريد والفحص | H4: اسم نشاط التوريد والفحص (Material Delivery & Site Inspection) | I4: حالته | J4: نسبة الإنجاز
A5: 1 | B5: شبكة الري | C5: Valves – Irrigation Network | D5: PRO-IR-1DL-110 | E5: 1ST Material Delivery for Valves of Irrigation Network | F5: لم يبدأ | G5: PRO-R09-IR-DL-110 | H5: Material Delivery & Site Inspection of Valves for Irrigation Network | I5: مكتمل | J5: 1
A6: 2 | B6: شبكة الري | C6: Valves – Irrigation Network | D6: PRO-IR-1DL-110 | E6: 1ST Material Delivery for Valves of Irrigation Network | F6: لم يبدأ | G6: PRO-R11-IR-DL-150 | H6: Material Delivery & Site Inspection of Valves for Irrigation Network | I6: مكتمل | J6: 1
A7: 3 | B7: شبكة الري | C7: Valves – Irrigation Network | D7: PRO-IR-1DL-110 | E7: 1ST Material Delivery for Valves of Irrigation Network | F7: لم يبدأ | G7: PRO-R14-IR-DL-110 | H7: Material Delivery & Site Inspection of Valves for Irrigation Network | I7: مكتمل | J7: 1
A8: 4 | B8: شبكة الري | C8: Valves – Irrigation Network | D8: PRO-IR-1DL-110 | E8: 1ST Material Delivery for Valves of Irrigation Network | F8: لم يبدأ | G8: PRO-R19.2-IR-DL-110 | H8: Material Delivery & Site Inspection of Valves for Irrigation Network | I8: مكتمل | J8: 1
A9: 5 | B9: اللاندسكيب | C9: Curbstones – Landscaping | D9: PRO-RD-1DL-150 | E9: 1ST Material Delivery for Curbstones of Landscaping | F9: لم يبدأ | G9: PRO-R09-RD-DL-130 | H9: Material Delivery & Site Inspection of Curbstones for Landscaping | I9: مكتمل | J9: 1
A10: 6 | B10: اللاندسكيب | C10: Curbstones – Landscaping | D10: PRO-RD-1DL-150 | E10: 1ST Material Delivery for Curbstones of Landscaping | F10: لم يبدأ | G10: PRO-R10-RD-DL-130 | H10: Material Delivery & Site Inspection of Curbstones for Landscaping | I10: مكتمل | J10: 1
A11: 7 | B11: اللاندسكيب | C11: Curbstones – Landscaping | D11: PRO-RD-1DL-150 | E11: 1ST Material Delivery for Curbstones of Landscaping | F11: لم يبدأ | G11: PRO-R11-RD-DL-130 | H11: Material Delivery & Site Inspection of Curbstones for Landscaping | I11: مكتمل | J11: 1
A12: 8 | B12: اللاندسكيب | C12: Curbstones – Landscaping | D12: PRO-RD-1DL-150 | E12: 1ST Material Delivery for Curbstones of Landscaping | F12: لم يبدأ | G12: PRO-R14-RD-DL-130 | H12: Material Delivery & Site Inspection of Curbstones for Landscaping | I12: مكتمل | J12: 1
A13: 9 | B13: اللاندسكيب | C13: Curbstones – Landscaping | D13: PRO-RD-1DL-150 | E13: 1ST Material Delivery for Curbstones of Landscaping | F13: لم يبدأ | G13: PRO-R15-RD-DL-130 | H13: Material Delivery & Site Inspection of Curbstones for Landscaping | I13: مكتمل | J13: 1
A14: 10 | B14: اللاندسكيب | C14: Curbstones – Landscaping | D14: PRO-RD-1DL-150 | E14: 1ST Material Delivery for Curbstones of Landscaping | F14: لم يبدأ | G14: PRO-R16-RD-DL-130 | H14: Material Delivery & Site Inspection of Curbstones for Landscaping | I14: مكتمل | J14: 1
A15: 11 | B15: اللاندسكيب | C15: Curbstones – Landscaping | D15: PRO-RD-1DL-150 | E15: 1ST Material Delivery for Curbstones of Landscaping | F15: لم يبدأ | G15: PRO-R17-RD-DL-110 | H15: Material Delivery & Site Inspection of Curbstones for Landscaping | I15: مكتمل | J15: 1
A16: 12 | B16: اللاندسكيب | C16: Curbstones – Landscaping | D16: PRO-RD-1DL-150 | E16: 1ST Material Delivery for Curbstones of Landscaping | F16: لم يبدأ | G16: PRO-R18-RD-DL-190 | H16: Material Delivery & Site Inspection of Curbstones for Landscaping | I16: مكتمل | J16: 1
... A31: 27 | B31: شبكة إنارة الشوارع | C31: Fuse Boxes – Street Lighting Network | D31: PRO-SL-1DL-130 | E31: 1ST Material Delivery for Fuse Boxes of Street Lighting Network | F31: لم يبدأ | G31: PRO-R10-SL-DL-130 | H31: Material Delivery & Site Inspection of Fuse Boxes for Street Lighting Network | I31: جارٍ | J31: 0.8

Sheet 2 أعمال قبل التوريد
A1: الملاحظة 2: أعمال موقع بدأت بينما نشاط توريد المادة المطلوبة لها لم يبدأ
A4: # | B4: الشبكة | C4: كود نشاط التوريد | D4: اسم نشاط التوريد | E4: حالته | F4: كود نشاط الموقع اللاحق | G4: اسم نشاط الموقع | H4: حالته | I4: نسبة الإنجاز
A5: 1 | B5: Sewage Pump Stations ( PS 06 ) | C5: PRO-SPS-CV-1DL-10 | D5: 1ST Material Delivery for Civil Works for Sewage Pump Stations ( PS 06 ) | E5: لم يبدأ | F5: CO-SW-PS7-MB-100 | G5: Excavation Main Bulding | H5: مكتمل | I5: 1
A6: 2 | B6: اللاندسكيب | C6: PRO-RD-1DL-140 | D6: 1ST Material Delivery for Interlock Tiles of Landscaping | E6: لم يبدأ | F6: CO-R09.S01-RD-P-130 | G6: Fixing of Interlock Tiles for Sidewalks Pavement-[Road 09] -[SW-1] | H6: جارٍ | I6: 0.5
A7: 3 | B7: اللاندسكيب | C7: PRO-RD-1DL-150 | D7: 1ST Material Delivery for Curbstones of Landscaping | E7: لم يبدأ | F7: CO-R09.S01-RD-P-120 | G7: Fixing of Curbstone for Sidewalks Pavement-[Road 09] -[SW-1] | H7: مكتمل | I7: 1
A8: 4 | B8: شبكة الجهد المتوسط | C8: PRO-R10-MV-DL-120 | D8: Material Delivery & Site Inspection of RMU Concrete Foundations for Medium Voltage Network | E8: لم يبدأ | F8: CO-R10.S03-ES-MV-150 | G8: Installation Works for RMU Concrete Foundations of Medium Voltage Network-[Road 10]-[SW-3] | H8: مكتمل | I8: 1
A9: 5 | B9: شبكة الجهد المتوسط | C9: PRO-R17-MV-DL-120 | D9: Material Delivery & Site Inspection of RMU Concrete Foundations for Medium Voltage Network | E9: لم يبدأ | F9: CO-R17.S13-MV-150 | G9: Installation Works for RMU Concrete Foundations of Medium Voltage Network-[Road 17]-[SW-13] | H9: مكتمل | I9: 1
A10: 6 | B10: شبكة الري | C10: PRO-IR-1DL-110 | D10: 1ST Material Delivery for Valves of Irrigation Network | E10: لم يبدأ | F10: CO-R09.S01-IR-120 | G10: Installation Works for Main Line Valves of Irrigation Network-[Road 09] -[SW-1] | H10: جارٍ | I10: 0.2
A11: 7 | B11: شبكة الري | C11: PRO-R15-IR-DL-110 | D11: Material Delivery & Site Inspection of Valves for Irrigation Network | E11: لم يبدأ | F11: CO-R15.S09-IR-120 | G11: Installation Works for Main Line Valves of Irrigation Network-[Road 15]-[SW-9] | H11: مكتمل | I11: 1
A12: 8 | B12: شبكة الري | C12: PRO-R16-IR-DL-110 | D12: Material Delivery & Site Inspection of Valves for Irrigation Network | E12: لم يبدأ | F12: CO-R16.S11-IR-120 | G12: Installation Works for Main Line Valves of Irrigation Network-[Road 16]-[SW-11] | H12: مكتمل | I12: 1
A13: 9 | B13: شبكة الري | C13: PRO-R17-IR-DL-110 | D13: Material Delivery & Site Inspection of Valves for Irrigation Network | E13: لم يبدأ | F13: CO-R17.S13-IR-120 | G13: Installation Works for Main Line Valves of Irrigation Network-[Road 17]-[SW-13] | H13: مكتمل | I13: 1
A14: 10 | B14: شبكة الري | C14: PRO-R18-IR-DL-130 | D14: Material Delivery & Site Inspection of Valves for Irrigation Network | E14: لم يبدأ | F14: CO-R18.S15-IR-160 | G14: Installation Works for Main Line Valves of Irrigation Network-[Road 18]-[SW-15] | H14: مكتمل | I14: 1
A15: 11 | B15: شبكة تصريف السيول | C15: PRO-R09-SD-DL-140 | D15: Material Delivery & Site Inspection of Manholes Covers for Storm Drainage Network | E15: لم يبدأ | F15: CO-R09-SD-TF-100 | G15: Testing Work for Pipes of Storm Drainage Network-[Road 09] | H15: جارٍ | I15: 0.75
A16: 12 | B16: شبكة تصريف السيول | C16: PRO-R09-SD-DL-150 | D16: Material Delivery & Site Inspection of Catch Basin Covers for Storm Drainage Network | E16: لم يبدأ | F16: CO-R09-SD-TF-110 | G16: Install Catch Basin Cover Works for External Finishes of Storm Drainage Network-[Road 09] | H16: جارٍ | I16: 0.2
... A32: 28 | B32: شبكة مياه الشرب | C32: PRO-R16-PW-DL-110 | D32: Material Delivery & Site Inspection of Valves for Potable Water Network | E32: لم يبدأ | F32: CO-R16.S12-PW-210 | G32: Installation Works for Main Line Valves and Valve Chambers of Potable Water Network-[Road 16]-[SW-12] | H32: مكتمل | I32: 1

Sheet 3 المواد المتأخرة في التوريد
A1: أنشطة التوريد غير المكتملة والمتأخرة عن البرنامج المعتمد (أول توريد + التوريد والفحص)
A4: # | B4: الشبكة | C4: المادة (كما في الجدول) | D4: كود النشاط | E4: اسم النشاط | F4: نوع النشاط | G4: الحالة | H4: نسبة الإنجاز | I4: الانتهاء في الـ Baseline | J4: الانتهاء المتوقع | K4: Total Float (يوم) | L4: أيام التأخير
A5: 1 | B5: شبكة الجهد المتوسط | C5: Termination and Joints Kits – Medium Voltage Network | D5: PRO-MV-1DL-120 | E5: 1ST Material Delivery for Termination and Joints Kits of Medium Voltage Network | F5: أول توريد (1ST Material Delivery) | G5: لم يبدأ | H5: 0 | I5: 45809.708 | J5: 46330.708 | K5: -295 | L5: =J5-I5 -> 521
A6: 2 | B6: شبكة الجهد المتوسط | C6: Termination and Joints Kits – Medium Voltage Network | D6: PRO-R09-MV-DL-110 | E6: Material Delivery & Site Inspection of Termination and Joints Kits for Medium Voltage Network | F6: التوريد والفحص (Material Delivery & Site Inspection) | G6: لم يبدأ | H6: 0 | I6: 46041.708 | J6: 46553.708 | K6: -297 | L6: =J6-I6 -> 512
A7: 3 | B7: شبكة الجهد المتوسط | C7: Termination and Joints Kits – Medium Voltage Network | D7: PRO-R11-MV-DL-110 | E7: Material Delivery & Site Inspection of Termination and Joints Kits for Medium Voltage Network | F7: التوريد والفحص (Material Delivery & Site Inspection) | G7: لم يبدأ | H7: 0 | I7: 46071.708 | J7: 46583.708 | K7: -297 | L7: =J7-I7 -> 512
A8: 4 | B8: شبكة الجهد المتوسط | C8: Termination and Joints Kits – Medium Voltage Network | D8: PRO-R10-MV-DL-110 | E8: Material Delivery & Site Inspection of Termination and Joints Kits for Medium Voltage Network | F8: التوريد والفحص (Material Delivery & Site Inspection) | G8: لم يبدأ | H8: 0 | I8: 45980.708 | J8: 46487.708 | K8: -292 | L8: =J8-I8 -> 507
A9: 5 | B9: شبكة الجهد المتوسط | C9: Termination and Joints Kits – Medium Voltage Network | D9: PRO-R14-MV-DL-110 | E9: Material Delivery & Site Inspection of Termination and Joints Kits for Medium Voltage Network | F9: التوريد والفحص (Material Delivery & Site Inspection) | G9: لم يبدأ | H9: 0 | I9: 46011.708 | J9: 46517.708 | K9: -292 | L9: =J9-I9 -> 506
A10: 6 | B10: شبكة الجهد المتوسط | C10: Termination and Joints Kits – Medium Voltage Network | D10: PRO-R16-MV-DL-110 | E10: Material Delivery & Site Inspection of Termination and Joints Kits for Medium Voltage Network | F10: التوريد والفحص (Material Delivery & Site Inspection) | G10: لم يبدأ | H10: 0 | I10: 45918.708 | J10: 46421.708 | K10: -291 | L10: =J10-I10 -> 503
A11: 7 | B11: شبكة الجهد المتوسط | C11: Termination and Joints Kits – Medium Voltage Network | D11: PRO-R15-MV-DL-110 | E11: Material Delivery & Site Inspection of Termination and Joints Kits for Medium Voltage Network | F11: التوريد والفحص (Material Delivery & Site Inspection) | G11: لم يبدأ | H11: 0 | I11: 45950.708 | J11: 46453.708 | K11: -293 | L11: =J11-I11 -> 503
A12: 8 | B12: شبكة الجهد المتوسط | C12: Termination and Joints Kits – Medium Voltage Network | D12: PRO-R17-MV-DL-110 | E12: Material Delivery & Site Inspection of Termination and Joints Kits for Medium Voltage Network | F12: التوريد والفحص (Material Delivery & Site Inspection) | G12: لم يبدأ | H12: 0 | I12: 45888.708 | J12: 46391.708 | K12: -295 | L12: =J12-I12 -> 503
A13: 9 | B13: شبكة الجهد المتوسط | C13: Termination and Joints Kits – Medium Voltage Network | D13: PRO-R18-MV-DL-130 | E13: Material Delivery & Site Inspection of Termination and Joints Kits for Medium Voltage Network | F13: التوريد والفحص (Material Delivery & Site Inspection) | G13: لم يبدأ | H13: 0 | I13: 45858.708 | J13: 46361.708 | K13: -296 | L13: =J13-I13 -> 503
A14: 10 | B14: شبكة مياه الشرب | C14: Finishes – Potable Water Network | D14: PRO-R10-PW-DL-130 | E14: Material Delivery & Site Inspection for Finishes of Potable Water Network | F14: التوريد والفحص (Material Delivery & Site Inspection) | G14: لم يبدأ | H14: 0 | I14: 45971.708 | J14: 46463.708 | K14: -254 | L14: =J14-I14 -> 492
A15: 11 | B15: شبكة مياه الشرب | C15: Finishes – Potable Water Network | D15: PRO-PW-1DL-130 | E15: 1ST Material Delivery for Finishes of Potable Water Network | F15: أول توريد (1ST Material Delivery) | G15: لم يبدأ | H15: 0 | I15: 45818.708 | J15: 46307.708 | K15: -258 | L15: =J15-I15 -> 489
A16: 12 | B16: شبكة مياه الشرب | C16: Finishes – Potable Water Network | D16: PRO-R18-PW-DL-170 | E16: Material Delivery & Site Inspection for Finishes of Potable Water Network | F16: التوريد والفحص (Material Delivery & Site Inspection) | G16: لم يبدأ | H16: 0 | I16: 45848.708 | J16: 46337.708 | K16: -258 | L16: =J16-I16 -> 489
... A137: 133 | B137: أعمال الطرق | C137: Bituminous Base & Wearing Courses – Road Works | D137: PRO-R09-RD-DL-170 | E137: Material Delivery & Site Inspection for Bituminous Base & Wearing Courses of Road Works | F137: التوريد والفحص (Material Delivery & Site Inspection) | G137: لم يبدأ | H137: 0 | I137: 46208.708 | J137: 46368.708 | K137: -96 | L137: =J137-I137 -> 160
